type,title,datetime,content
post,‡∏Ñ‡∏∏‡∏ì‡∏†‡∏≤‡∏û‡∏Ñ‡∏ô‡∏Ç‡∏≠‡∏á‡πÑ‡∏ó‡∏¢‡∏≠‡∏¢‡∏π‡πà‡πÉ‡∏ô‡∏¢‡∏∏‡∏Ñ‡∏ó‡∏µ‡πà‡πÅ‡∏¢‡πà‡∏•‡∏á‡πÄ‡∏£‡∏∑‡πà‡∏≠‡∏¢‡πÜ,N/A,‡∏õ‡∏£‡∏∞‡πÄ‡∏ó‡∏®‡πÑ‡∏ó‡∏¢‡∏°‡∏µ‡πÅ‡∏ï‡πà‡∏Ç‡πà‡∏≤‡∏ß‡πÄ‡∏à‡∏£‡∏¥‡∏ç‡∏•‡∏á‡πÉ‡∏ô‡∏£‡∏∞‡∏¢‡∏∞‡∏¢‡∏≤‡∏ß‡πÉ‡∏ô‡∏¢‡∏∏‡∏Ñ‡∏ó‡∏±‡πà‡∏ß‡πÇ‡∏•‡∏Å‡∏≠‡∏¢‡∏π‡πà‡∏¢‡∏≤‡∏Å‡∏Ç‡∏∂‡πâ‡∏ô ‡∏†‡∏≤‡∏¢‡πÉ‡∏ô‡πÄ‡∏£‡∏≤‡∏Å‡πá‡∏¢‡∏±‡∏á‡πÄ‡∏õ‡∏£‡∏≤‡∏∞‡∏ö‡∏≤‡∏á‡∏°‡∏≤‡∏Å‡∏Å‡∏ß‡πà‡∏≤‡πÅ‡∏ï‡πà‡∏Å‡πà‡∏≠‡∏ô‡∏≠‡∏µ‡∏Å https://www.thansettakij.com/health-wellness/620702#google_vignette
post,‡∏î‡∏≠‡∏¢‡∏´‡∏£‡∏π ‡∏î‡∏≠‡∏¢‡πÑ‡∏Æ‡πÇ‡∏ã ‡∏î‡∏≠‡∏¢‡πÅ‡∏à‡∏£‡πâ  ‡∏°‡∏±‡∏ô‡∏Ñ‡∏∑‡∏≠‡∏ó‡∏µ‡πà‡∏™‡∏∏‡∏î‡∏ß‡∏¥‡∏î‡∏¢‡∏≤‡∏¢‡∏∏‡πÄ‡∏°‡πà‡∏≤ ‡∏°‡∏≤‡∏î‡∏≠‡∏¢‡πÑ‡∏õ‡∏û‡∏£‡πâ‡∏≠‡∏°‡πÜ ‡∏Å‡∏±‡∏ô‡∏à‡∏£‡πâ‡∏≤,N/A,‡∏£‡∏∞‡∏î‡∏±‡∏ö‡∏ô‡∏µ‡πâ¬† ‡∏Å‡∏•‡∏±‡∏ß‡∏Å‡πá‡∏ö‡∏£‡πâ‡∏≤ ‡πÅ‡∏•‡πâ‡∏ß ‡∏à‡∏±‡∏î‡πÑ‡∏õ ‡∏≠‡∏¢‡πà‡∏≤‡πÉ‡∏´‡πâ‡πÄ‡∏™‡∏µ‡∏¢ ‡∏Å‡∏£‡πä‡∏≤‡∏Å‡∏Å‡∏Å ‡∏£‡∏ß‡∏¢‡πÜ‡πÜ ‡πÅ‡∏Å‡πâ‡πÑ‡∏Ç‡∏Ç‡πâ‡∏≠‡∏Ñ‡∏ß‡∏≤‡∏°‡πÄ‡∏°‡∏∑‡πà‡∏≠ 3 ‡∏ô‡∏≤‡∏ó‡∏µ‡∏ó‡∏µ‡πà‡πÅ‡∏•‡πâ‡∏ß
post,‡∏Å‡∏£‡∏≠‡∏ö‡∏Å‡∏≤‡∏£‡∏•‡∏á‡∏ó‡∏∏‡∏ô ‡∏ß‡∏±‡∏ô‡∏ó‡∏µ‡πà 28 ‡∏Å‡∏û 2025,N/A,
post,‡πÄ‡∏ß‡∏ô‡∏Å‡∏≥‡∏Å‡πà‡∏≠‡∏ô‡∏ô‡∏≠‡∏ô‡∏î‡∏≤‡∏ß+400‡∏ï‡∏∑‡πà‡∏ô‡∏°‡∏≤‡∏î‡∏≤‡∏ß‡πÅ‡∏î‡∏á‡∏õ‡∏∏‡πà‡∏•‡πà‡∏ß‡∏á‡∏´‡∏•‡∏∏‡∏î1200‡πÅ‡∏ô‡πà‡πÄ‡∏•‡∏¢,N/A,
post,‡∏î‡∏£.‡∏ô‡∏¥‡πÄ‡∏ß‡∏®‡∏ô‡πå ‡πÄ‡∏´‡∏°‡∏ß‡∏ä‡∏¥‡∏£‡∏ß‡∏£‡∏≤‡∏Å‡∏£ ‡∏ñ‡∏≠‡∏î‡∏™‡∏π‡∏ï‡∏£‡πÅ‡∏ô‡∏ß‡∏Ñ‡∏¥‡∏î‡∏•‡∏á‡∏ó‡∏∏‡∏ô VI ‡πÅ‡∏ö‡∏ö‡∏°‡∏±‡πà‡∏á‡∏Ñ‡∏±‡πà‡∏á ‡∏ö‡∏ó‡∏™‡∏±‡∏°‡∏†‡∏≤‡∏©‡∏ì‡πå‡∏ß‡∏±‡∏ô‡∏ó‡∏µ‡πà 20 ‡∏Å‡∏∏‡∏°‡∏†‡∏≤‡∏û‡∏±‡∏ô‡∏ò‡πå 2568,N/A,
comment,‡∏î‡∏£.‡∏ô‡∏¥‡πÄ‡∏ß‡∏®‡∏ô‡πå ‡πÄ‡∏´‡∏°‡∏ß‡∏ä‡∏¥‡∏£‡∏ß‡∏£‡∏≤‡∏Å‡∏£ ‡∏ñ‡∏≠‡∏î‡∏™‡∏π‡∏ï‡∏£‡πÅ‡∏ô‡∏ß‡∏Ñ‡∏¥‡∏î‡∏•‡∏á‡∏ó‡∏∏‡∏ô VI ‡πÅ‡∏ö‡∏ö‡∏°‡∏±‡πà‡∏á‡∏Ñ‡∏±‡πà‡∏á ‡∏ö‡∏ó‡∏™‡∏±‡∏°‡∏†‡∏≤‡∏©‡∏ì‡πå‡∏ß‡∏±‡∏ô‡∏ó‡∏µ‡πà 20 ‡∏Å‡∏∏‡∏°‡∏†‡∏≤‡∏û‡∏±‡∏ô‡∏ò‡πå 2568,0519-08-26 21:45:25,‡∏Ç‡∏≠‡∏ö‡∏Ñ‡∏∏‡∏ì‡∏Ñ‡πà‡∏∞
post,‡πÄ‡∏•‡∏∑‡∏≠‡∏Å‡∏´‡∏∏‡πâ‡∏ô‡∏ä‡πà‡∏ß‡∏á‡∏ô‡∏µ‡πâ ‡∏ö.‡πÑ‡∏´‡∏ô ‡∏¢‡∏±‡∏á‡∏°‡∏µ‡∏£‡∏≤‡∏¢‡πÑ‡∏î‡πâ‡πÄ‡∏Ç‡πâ‡∏≤ ‡∏°‡∏µ‡∏Å‡∏≤‡∏£‡πÄ‡∏ï‡∏¥‡∏ö‡πÇ‡∏ï‡∏Ç‡∏≠‡∏á‡∏£‡∏≤‡∏¢‡πÑ‡∏î‡πâ  ‡∏Å‡πá‡∏Ñ‡∏ß‡πâ‡∏≤‡πÄ‡∏Ç‡πâ‡∏≤‡∏ï‡∏∞‡∏Å‡∏£‡πâ‡∏≤‡πÑ‡∏î‡πâ‡πÄ‡∏•‡∏¢ ‡∏á‡∏ö‡∏£‡∏ß‡∏°‡∏à‡∏∞‡∏Å‡∏≥‡πÑ‡∏£‡∏´‡∏£‡∏∑‡∏≠‡∏Ç‡∏≤‡∏î‡∏ó‡∏∏‡∏ô‡∏°‡∏±‡∏ô‡πÅ‡∏Ñ‡πà‡∏ä‡∏±‡πà‡∏ß‡∏Ñ‡∏£‡∏≤‡∏ß,N/A,‡∏Ç‡∏≠‡∏á‡∏à‡∏£‡∏¥‡∏á‡∏≠‡∏¢‡∏π‡πà‡∏ó‡∏µ‡πà‡∏£‡∏≤‡∏¢‡πÑ‡∏î‡πâ‡∏à‡∏≤‡∏Å‡∏Å‡∏¥‡∏à‡∏Å‡∏≤‡∏£‡∏ô‡∏∞ ‡πÅ‡∏•‡∏∞‡∏ï‡πâ‡∏≠‡∏á‡πÑ‡∏°‡πà‡πÉ‡∏ä‡πà‡∏£‡∏≤‡∏¢‡∏Å‡∏≤‡∏£‡∏û‡∏¥‡πÄ‡∏®‡∏©‡∏≠‡∏∑‡πà‡∏ô‡πÜ ‡πÅ‡∏•‡∏∞‡∏≠‡∏¢‡πà‡∏≤‡πÉ‡∏´‡πâ‡∏Ñ‡πà‡∏≤‡πÄ‡∏™‡∏∑‡πà‡∏≠‡∏°‡∏´‡∏•‡∏≠‡∏Å‡∏ï‡∏≤ ‡∏≠‡πà‡∏≤‡∏ô‡∏î‡∏µ‡πÜ ‡πÑ‡∏°‡πà‡∏á‡∏±‡πâ‡∏ô‡∏ó‡πà‡∏≤‡∏ô‡∏à‡∏∞‡∏û‡∏•‡∏≤‡∏î‡∏Ç‡∏≠‡∏á‡∏î‡∏µ ‡πÇ‡∏î‡∏ô‡∏´‡∏•‡∏≠‡∏Å‡∏ï‡∏ö‡∏ó‡∏£‡∏±‡∏û‡∏¢‡πå‡πÄ‡∏≠‡∏≤‡∏´‡∏∏‡πâ‡∏ô ‡∏≠‡∏≠‡∏Å‡∏à‡πà‡∏≤‡∏¢‡∏ï‡∏•‡∏≤‡∏î‡∏ã‡∏∑‡πâ‡∏≠‡∏ú‡∏±‡∏Å‡∏ú‡∏•‡πÑ‡∏°‡πâ‡∏ï‡∏≠‡∏ô‡∏ï‡∏µ 4 ‡πÄ‡∏£‡∏≤‡πÑ‡∏°‡πà‡πÄ‡∏≠‡∏≤ ‡πÅ‡∏ï‡πà‡πÄ‡∏£‡∏≤‡∏ï‡πâ‡∏≠‡∏á‡πÑ‡∏õ‡∏ã‡∏∑‡πâ‡∏≠‡∏´‡∏ô‡πâ‡∏≤‡∏™‡∏ß‡∏ô‡πÇ‡∏ô‡πà‡∏ô ‡∏°‡∏≠‡∏á‡πÉ‡∏´‡πâ‡∏≠‡∏≠‡∏Å 10 ‡πÄ‡∏î‡πâ‡∏á ‡∏Å‡πá‡πÅ‡∏Ñ‡πà‡∏´‡∏ô‡πâ‡∏≤‡∏õ‡∏≤‡∏Å‡∏ã‡∏≠‡∏¢ ‡∏≠‡∏¥‡∏≠‡∏¥
comment,‡πÄ‡∏•‡∏∑‡∏≠‡∏Å‡∏´‡∏∏‡πâ‡∏ô‡∏ä‡πà‡∏ß‡∏á‡∏ô‡∏µ‡πâ ‡∏ö.‡πÑ‡∏´‡∏ô ‡∏¢‡∏±‡∏á‡∏°‡∏µ‡∏£‡∏≤‡∏¢‡πÑ‡∏î‡πâ‡πÄ‡∏Ç‡πâ‡∏≤ ‡∏°‡∏µ‡∏Å‡∏≤‡∏£‡πÄ‡∏ï‡∏¥‡∏ö‡πÇ‡∏ï‡∏Ç‡∏≠‡∏á‡∏£‡∏≤‡∏¢‡πÑ‡∏î‡πâ  ‡∏Å‡πá‡∏Ñ‡∏ß‡πâ‡∏≤‡πÄ‡∏Ç‡πâ‡∏≤‡∏ï‡∏∞‡∏Å‡∏£‡πâ‡∏≤‡πÑ‡∏î‡πâ‡πÄ‡∏•‡∏¢ ‡∏á‡∏ö‡∏£‡∏ß‡∏°‡∏à‡∏∞‡∏Å‡∏≥‡πÑ‡∏£‡∏´‡∏£‡∏∑‡∏≠‡∏Ç‡∏≤‡∏î‡∏ó‡∏∏‡∏ô‡∏°‡∏±‡∏ô‡πÅ‡∏Ñ‡πà‡∏ä‡∏±‡πà‡∏ß‡∏Ñ‡∏£‡∏≤‡∏ß,0653-08-07 10:28:31,‡∏Ç‡∏≠‡∏ö‡∏Ñ‡∏∏‡∏ì‡∏Ñ‡πà‡∏≤
comment,‡πÄ‡∏•‡∏∑‡∏≠‡∏Å‡∏´‡∏∏‡πâ‡∏ô‡∏ä‡πà‡∏ß‡∏á‡∏ô‡∏µ‡πâ ‡∏ö.‡πÑ‡∏´‡∏ô ‡∏¢‡∏±‡∏á‡∏°‡∏µ‡∏£‡∏≤‡∏¢‡πÑ‡∏î‡πâ‡πÄ‡∏Ç‡πâ‡∏≤ ‡∏°‡∏µ‡∏Å‡∏≤‡∏£‡πÄ‡∏ï‡∏¥‡∏ö‡πÇ‡∏ï‡∏Ç‡∏≠‡∏á‡∏£‡∏≤‡∏¢‡πÑ‡∏î‡πâ  ‡∏Å‡πá‡∏Ñ‡∏ß‡πâ‡∏≤‡πÄ‡∏Ç‡πâ‡∏≤‡∏ï‡∏∞‡∏Å‡∏£‡πâ‡∏≤‡πÑ‡∏î‡πâ‡πÄ‡∏•‡∏¢ ‡∏á‡∏ö‡∏£‡∏ß‡∏°‡∏à‡∏∞‡∏Å‡∏≥‡πÑ‡∏£‡∏´‡∏£‡∏∑‡∏≠‡∏Ç‡∏≤‡∏î‡∏ó‡∏∏‡∏ô‡∏°‡∏±‡∏ô‡πÅ‡∏Ñ‡πà‡∏ä‡∏±‡πà‡∏ß‡∏Ñ‡∏£‡∏≤‡∏ß,0415-09-28 01:15:31,‡∏ó‡πà‡∏≠‡∏á‡πÑ‡∏ß‡πâ ‡πÄ‡∏Ç‡πâ‡∏≤‡∏Å‡πà‡∏≠‡∏ô‡πÄ‡∏ã‡∏µ‡∏¢‡∏ô ‡πÑ‡∏î‡πâ 1 ‡πÄ‡∏î‡πâ‡∏á ‡πÄ‡∏Ç‡πâ‡∏≤‡∏Å‡πà‡∏≠‡∏ô‡∏Å‡∏≠‡∏á‡∏ó‡∏∏‡∏ô ‡πÑ‡∏î‡πâ 10 ‡πÄ‡∏î‡πâ‡∏á ‡πÄ‡∏Ç‡πâ‡∏≤‡∏Å‡πà‡∏≠‡∏ô‡πÄ‡∏ã‡∏µ‡∏¢‡∏ô + ‡∏Å‡πà‡∏≠‡∏ô‡∏Å‡∏≠‡∏á‡∏ó‡∏∏‡∏ô ‡πÑ‡∏î‡πâ 100 ‡πÄ‡∏î‡πâ‡∏á ‡πÄ‡∏Ç‡πâ‡∏≤‡∏Å‡πà‡∏≠‡∏ô‡πÄ‡∏ã‡∏µ‡∏¢‡∏ô + ‡∏Å‡πà‡∏≠‡∏ô‡∏Å‡∏≠‡∏á‡∏ó‡∏∏‡∏ô (‡πÉ‡∏ô+‡∏ô‡∏≠‡∏Å) ‡πÑ‡∏î‡πâ 500 ‡πÄ‡∏î‡πâ‡∏á ‡πÅ‡∏ï‡πà‡∏ñ‡πâ‡∏≤‡∏ó‡∏±‡πâ‡∏á‡∏´‡∏°‡∏î‡∏ó‡∏±‡πâ‡∏á‡∏°‡∏ß‡∏•‡∏ô‡∏µ‡πâ ‡πÑ‡∏õ‡πÄ‡∏à‡∏≠‡πÑ‡∏≠‡πâ‡∏°‡∏∑‡∏î‡∏ö‡∏£‡∏¥‡∏´‡∏≤‡∏£‡∏Ç‡∏µ‡πâ‡πÇ‡∏Å‡∏á ‡πÄ‡∏ó‡πà‡∏≤‡∏Å‡∏±‡∏ö‡∏´‡∏°‡∏î‡∏ï‡∏π‡∏î ‡πÄ‡∏ß‡∏£‡∏Å‡∏£‡∏£‡∏°
comment,‡πÄ‡∏•‡∏∑‡∏≠‡∏Å‡∏´‡∏∏‡πâ‡∏ô‡∏ä‡πà‡∏ß‡∏á‡∏ô‡∏µ‡πâ ‡∏ö.‡πÑ‡∏´‡∏ô ‡∏¢‡∏±‡∏á‡∏°‡∏µ‡∏£‡∏≤‡∏¢‡πÑ‡∏î‡πâ‡πÄ‡∏Ç‡πâ‡∏≤ ‡∏°‡∏µ‡∏Å‡∏≤‡∏£‡πÄ‡∏ï‡∏¥‡∏ö‡πÇ‡∏ï‡∏Ç‡∏≠‡∏á‡∏£‡∏≤‡∏¢‡πÑ‡∏î‡πâ  ‡∏Å‡πá‡∏Ñ‡∏ß‡πâ‡∏≤‡πÄ‡∏Ç‡πâ‡∏≤‡∏ï‡∏∞‡∏Å‡∏£‡πâ‡∏≤‡πÑ‡∏î‡πâ‡πÄ‡∏•‡∏¢ ‡∏á‡∏ö‡∏£‡∏ß‡∏°‡∏à‡∏∞‡∏Å‡∏≥‡πÑ‡∏£‡∏´‡∏£‡∏∑‡∏≠‡∏Ç‡∏≤‡∏î‡∏ó‡∏∏‡∏ô‡∏°‡∏±‡∏ô‡πÅ‡∏Ñ‡πà‡∏ä‡∏±‡πà‡∏ß‡∏Ñ‡∏£‡∏≤‡∏ß,1467-06-15 06:26:31,‡πÄ‡∏Ç‡πâ‡∏≤‡∏ï‡∏≤‡∏°‡πÄ‡∏ã‡∏µ‡∏¢‡∏ô‡πÑ‡∏î‡πâ‡∏õ‡∏π‡∏îüòÅ
comment,‡πÄ‡∏•‡∏∑‡∏≠‡∏Å‡∏´‡∏∏‡πâ‡∏ô‡∏ä‡πà‡∏ß‡∏á‡∏ô‡∏µ‡πâ ‡∏ö.‡πÑ‡∏´‡∏ô ‡∏¢‡∏±‡∏á‡∏°‡∏µ‡∏£‡∏≤‡∏¢‡πÑ‡∏î‡πâ‡πÄ‡∏Ç‡πâ‡∏≤ ‡∏°‡∏µ‡∏Å‡∏≤‡∏£‡πÄ‡∏ï‡∏¥‡∏ö‡πÇ‡∏ï‡∏Ç‡∏≠‡∏á‡∏£‡∏≤‡∏¢‡πÑ‡∏î‡πâ  ‡∏Å‡πá‡∏Ñ‡∏ß‡πâ‡∏≤‡πÄ‡∏Ç‡πâ‡∏≤‡∏ï‡∏∞‡∏Å‡∏£‡πâ‡∏≤‡πÑ‡∏î‡πâ‡πÄ‡∏•‡∏¢ ‡∏á‡∏ö‡∏£‡∏ß‡∏°‡∏à‡∏∞‡∏Å‡∏≥‡πÑ‡∏£‡∏´‡∏£‡∏∑‡∏≠‡∏Ç‡∏≤‡∏î‡∏ó‡∏∏‡∏ô‡∏°‡∏±‡∏ô‡πÅ‡∏Ñ‡πà‡∏ä‡∏±‡πà‡∏ß‡∏Ñ‡∏£‡∏≤‡∏ß,2025-02-28 07:38:31,‡∏™‡∏¥‡∏ö‡πÄ‡∏î‡πâ‡∏á ‡πÜ‡πÜ‡πÜ‡∏ü
post,"DOW...!!! Fri,Feb,28,2025",N/A,‡∏™‡∏ß‡∏±‡∏™‡∏î‡∏µ‡∏Ñ‡πà‡∏∞
comment,"DOW...!!! Fri,Feb,28,2025",2025-01-27 04:47:42,
comment,"DOW...!!! Fri,Feb,28,2025",2025-01-27 04:47:42,
comment,"DOW...!!! Fri,Feb,28,2025",2025-01-27 04:47:42,
comment,"DOW...!!! Fri,Feb,28,2025",2025-01-27 04:47:42,
comment,"DOW...!!! Fri,Feb,28,2025",2025-01-27 04:47:42,
comment,"DOW...!!! Fri,Feb,28,2025",2025-01-27 04:47:42,
