ชื่อกระทู้,วันที่,เวลา,เนื้อหาที่คุย
ตอนนี้รอ Set ที่เท่าไหร่กัน ถึงจะเริ่มซื้อครับ,ไม่พบวันที่,ไม่พบเวลา,"
"
เศรษฐกิจโตต่ำ ยอดปิดกิจการ-ปิดโรงงานพุ่ง สะเทือนตลาดแรงงาน,ไม่พบวันที่,ไม่พบเวลา,"
"
ทีทีบี เตรียมปันผล 60% ของกำไรสุทธิ ที่ 0.064-0.067 บาทต่อหุ้น ชี้ยิลด์สูง 7%,ไม่พบวันที่,ไม่พบเวลา,"
"
...set ช่วงเวลาสำคัญมาถึงแล้ว...,ไม่พบวันที่,ไม่พบเวลา,"
"
"DOW...!!! Fri,Feb,22,2025",ไม่พบวันที่,ไม่พบเวลา,"
"
$$$$$ คุยโขมงห้องค้าหุ้นไทย@สินธร ประจำวันศุกร์ ที่ 21 กุมภาพันธ์ 2568 $$$$$,ไม่พบวันที่,ไม่พบเวลา,"
"
อ้ายหยาดาวล่วงยับ600.พุ่งนี้ปุ่ตุยเย่แน่,ไม่พบวันที่,ไม่พบเวลา,"
"
ตลาดหุ้นวันนี้ ดูตอนเช้าเห็นลบ 5  แล้วก็ไม่ได้ดูอีกเลย มาเห็นตอนค่ำโอ้วว..ๆๆ  ลบ 20 และอาหารฟรีคืนที่3  เตี๋ยวเป็ด,ไม่พบวันที่,ไม่พบเวลา,"
"
